Prompt,Response,LoggedAt,uhash,cid
Vertel in 50 woorden: wat is de leukste speeltuin van Amsterdam en waarom?,"De leukste speeltuin van Amsterdam is het Vondelpark Speeltuin. Het biedt een ruime variëteit aan speeltoestellen, geschikt voor verschillende leeftijden. Met zijn centrale ligging, veilige omgeving, en nabijgelegen cafés voor ouders, is het de ideale plek voor gezinnen om samen te genieten van een leuke dag buitenspelen.",2024-06-27T09:41:28.717Z,1,1
"Ik moet de onderstaande 4 punten verwerken in een nette brief naar bewoners.
- De gemeente maakt plannen voor vergroening van stadsdeel Oost
- Voor de buurt Sporenburg zijn er twee conceptontwerpen gemaakt
- De bewoners kunnen online stemmen op hun favoriete onderwerp, tot 1 november 2023
- De link en je inlogcode krijg je nog in een andere brief","Geachte bewoners,

De gemeente maakt plannen voor de vergroening van stadsdeel Oost, en wij zijn verheugd om u hierbij te betrekken. Voor de buurt Sporenburg zijn er twee conceptontwerpen gemaakt, en uw mening is van groot belang.

U kunt online stemmen op uw favoriete ontwerp tot 1 november 2023. De link naar de stemwebsite en uw persoonlijke inlogcode ontvangt u binnenkort in een aparte brief.

Met vriendelijke groet,

[Uw Naam]
[Uw Functie]
Gemeente Amsterdam",2024-06-27T09:41:59.145Z,2,2
"Ik werk net over de gemeente en hoor over buurten, gebieden, wijken en stadsdelen, maar ik begrijp niet wat het verschil hiertussen is.","Het is begrijpelijk dat de verschillende termen verwarrend kunnen zijn. Hier is een overzicht van de gebruikelijke betekenis van buurten, gebieden, wijken en stadsdelen in de context van stedelijke planning en organisatie:

Stadsdeel:

Een stadsdeel is een groot administratief gebied binnen een stad. Het bestaat uit meerdere wijken en buurten. In Amsterdam zijn bijvoorbeeld stadsdelen zoals Amsterdam-Oost, Amsterdam-West, etc. Elk stadsdeel heeft vaak een eigen bestuur dat verantwoordelijk is voor bepaalde lokale taken.
Wijk:

Een wijk is een kleiner onderdeel van een stadsdeel. Een wijk bestaat uit meerdere buurten. Wijken hebben vaak een herkenbare identiteit of functie binnen het stadsdeel. Bijvoorbeeld, binnen het stadsdeel Amsterdam-Oost vind je wijken zoals de Indische Buurt of de Dapperbuurt.
Buurt:

Een buurt is een nog kleinere eenheid binnen een wijk. Het is een gebied met een eigen karakter en vaak een hechte gemeenschap. Buurten zijn specifiek en vaak duidelijk afgebakend. Binnen de wijk de Indische Buurt kun je bijvoorbeeld buurten zoals de Batavia Buurt onderscheiden.
Gebied:

De term ""gebied"" is een bredere en minder strikt gedefinieerde term. Het kan verwijzen naar een verzameling buurten, een wijk, een stadsdeel, of zelfs een deel van de stad met bepaalde gemeenschappelijke kenmerken of functies. Bijvoorbeeld, een gebied kan worden aangeduid op basis van een bepaalde functie zoals een winkelgebied of een industrieterrein.
Kortom, de hiërarchie gaat meestal van groot naar klein als volgt: stadsdeel > wijk > buurt. ""Gebied"" kan op verschillende niveaus worden toegepast afhankelijk van de context.",2024-06-27T09:47:45.985Z,3,3
"Ik wil graag weten wat er in het coalitieakkoord staat over toegankelijkheid. Ik ben geïnteresseerd in informatie over fysieke toegankelijk, voor mensen met een mobiliteitsbeperking.","In het coalitieakkoord van de gemeente Amsterdam wordt fysieke toegankelijkheid voor mensen met een mobiliteitsbeperking benadrukt. De gemeente zal investeren in het verbeteren van trottoirs, oversteekplaatsen en openbare ruimtes, met speciale aandacht voor rolstoeltoegankelijkheid en geleidelijnen voor blinden en slechtzienden. Het openbaar vervoer zal toegankelijker worden gemaakt door aanpassingen aan bussen, trams en metro's, inclusief voldoende ruimte voor rolstoelen en scootmobielen. Ook zullen gemeentelijke gebouwen en diensten beter toegankelijk worden, en er komt meer ondersteuning voor woningaanpassingen. Het doel is een inclusieve stad waar iedereen volwaardig kan deelnemen aan het maatschappelijk leven.",2024-06-27T14:01:02.891Z,4,4
"Kun je mijn artikel vereenvoudigen?

“Elektromagnetische velden worden door veel mensen ook wel ‘straling’ genoemd. Sommige mensen zijn van mening dat hun gezondheidsklachten door elektromagnetische velden worden veroorzaakt. Dat is heel moeilijk te bewijzen. Alleen voor een verband tussen langdurig verblijf van kinderen in een verhoogd magneetveld en leukemie bestaan aanwijzingen.

Elektromagnetische velden zijn overal. Zichtbaar licht bestaat bijvoorbeeld uit elektromagnetische velden. Radiofrequente elektromagnetische velden worden gebruikt voor mobiele communicatie, en overal waar stroom loopt ontstaan extreem laag frequente elektromagnetische velden (ook wel magneetvelden).

Op de website www.g​gdleefomgeving.nl lees je meer over elektromagnetische velden. Je vindt er informatie over wat je zelf kunt doen en de website geeft antwoorden op veel gestelde vragen.”","Natuurlijk, hier is een vereenvoudigde versie van je artikel:

""Elektromagnetische velden worden vaak ‘straling’ genoemd. Sommige mensen denken dat deze velden hun gezondheidsproblemen veroorzaken, maar dat is moeilijk te bewijzen. Alleen langdurig verblijf van kinderen in sterke magneetvelden lijkt te worden gelinkt aan leukemie.

Elektromagnetische velden zijn overal. Zichtbaar licht is bijvoorbeeld een elektromagnetisch veld. Mobiele communicatie gebruikt radiofrequente velden en waar stroom is, zijn er extreem laag frequente velden (magneetvelden).

Meer informatie over elektromagnetische velden en tips wat je zelf kunt doen, vind je op www.ggdleefomgeving.nl. Deze website beantwoordt ook veel gestelde vragen.""",2024-06-27T14:27:40.511Z,5,5
Ik wil graag met Python alle polygonen plotten die een voetpad zijn (uit de BGT) en binnen een straal van 500 meter van het Rijksmuseum liggen.,"Om voetpaden uit de BGT te plotten die binnen 500 meter van het Rijksmuseum liggen in Amsterdam, gebruik Python met geopandas en matplotlib. Laad de BGT-data in, selecteer voetpaden, definieer de locatie van het Rijksmuseum, maak een buffer van 500 meter rondom deze locatie, en selecteer voetpaden die binnen deze buffer vallen. Gebruik geopandas om deze gegevens te manipuleren en matplotlib voor visualisatie. Hiermee kun je de voetpaden en de buffer rondom het Rijksmuseum op een kaart plotten om hun locatie en bereik te illustreren.",2024-06-27T15:02:51.543Z,1,1
Mijn collega is moe en heeft last van hoofdpijn en vergeetachtigheid. Heeft hij een burn-out? Wat moet ik nu doen?,"Het is moeilijk om alleen op basis van vermoeidheid, hoofdpijn en vergeetachtigheid te concluderen dat iemand een burn-out heeft, omdat deze symptomen ook andere oorzaken kunnen hebben, zoals stress, overwerk, slaapgebrek of gezondheidsproblemen. Het is belangrijk om eerst met je collega te praten en zijn situatie te begrijpen.

Stel open vragen om te achterhalen hoe lang hij zich zo voelt, of er recente veranderingen zijn geweest in zijn werk of persoonlijk leven, en of hij zich overweldigd voelt door zijn taken. Bied een luisterend oor en toon begrip voor zijn welzijn.

Als je collega aangeeft dat hij zich al langere tijd zo voelt en dat het zijn dagelijkse leven en werk beïnvloedt, moedig hem dan aan om professionele hulp te zoeken. Dit kan een huisarts zijn voor een medische beoordeling, een bedrijfsarts voor advies over werkgerelateerde stress, of een psycholoog voor mentale ondersteuning.

Bied praktische hulp aan, zoals het ondersteunen bij het regelen van een afspraak of het verminderen van zijn werklast indien mogelijk. Toon begrip en moedig hem aan om tijd te nemen voor rust en zelfzorg.

Blijf betrokken en toon compassie, maar respecteer ook zijn behoefte aan privacy en autonomie bij het nemen van stappen naar herstel.",2024-06-27T15:05:00.720Z,2,2
Ik heb een project gedaan over het detecteren van lantaarnpalen in de publieke ruimte. Zal ik mijn methoden en code openbaar maken? En wat zal ik met de data doen?,"Ja, het openbaar maken van je methoden en code kan anderen helpen en bijdragen aan innovatie. Overweeg een open source-licentie. Voor de data, deel alleen als je toestemming hebt of gebruik een subset. Respecteer privacy en ethische overwegingen.",2024-06-27T15:06:59.683Z,3,3
Ik moet met oplossingen komen om de ouderbetrokkenheid in de kinderopvang te verhogen.,"Om de ouderbetrokkenheid in de kinderopvang te verhogen, is het essentieel om een cultuur te creëren waarin ouders zich welkom voelen en actief betrokken worden bij het welzijn en de ontwikkeling van hun kinderen. Dit kan worden bereikt door open communicatiekanalen te bevorderen, zoals regelmatige persoonlijke gesprekken met ouders om ervaringen en zorgen te bespreken. Ouderbetrokkenheid kan ook worden gestimuleerd door ouders te betrekken bij de planning van activiteiten en programma's, zodat hun stem wordt gehoord en hun ideeën worden geïntegreerd. Het organiseren van workshops en seminars over onderwerpen die ouders interesseren, zoals opvoeding of kinderontwikkeling, kan ook helpen om de band tussen ouders en kinderopvangprofessionals te versterken. Door een samenwerkingsgerichte aanpak te hanteren en transparantie te bevorderen in beleidsvorming en besluitvorming, kan de ouderbetrokkenheid duurzaam worden versterkt.",2024-06-27T15:07:39.957Z,4,4
Ik moet een visie schrijven over circulair bouwen in Amsterdam en daarvoor wil ik graag weten wat andere gemeenten al doen op dit onderwerp.,"Om een visie over circulair bouwen in Amsterdam te ontwikkelen, is het nuttig om te kijken naar wat andere gemeenten al doen op dit gebied. Verschillende gemeenten hebben initiatieven genomen om circulair bouwen te bevorderen:
- Utrecht: Heeft ambitieuze doelen gesteld voor circulaire economie, waaronder circulair bouwen. Ze werken aan het stimuleren van hergebruik van materialen en het verminderen van afval in de bouwsector.
- Rotterdam: Heeft Circular Rotterdam gelanceerd, een platform gericht op het bevorderen van circulaire economie in de stad. Dit omvat ook initiatieven voor circulair bouwen en renovatieprojecten.
- Gemeente Haarlemmermeer: Heeft circulaire principes opgenomen in hun bouwprojecten en werkt aan het ontwikkelen van circulaire businesscases voor vastgoedontwikkeling.
- Gemeente Groningen: Heeft circulair bouwen opgenomen in hun strategieën voor duurzame ontwikkeling, waarbij ze samenwerken met lokale bedrijven en kennisinstellingen om innovatieve circulaire oplossingen te ontwikkelen.
Door te leren van deze voorbeelden en best practices, kan Amsterdam haar eigen visie op circulair bouwen verder vormgeven. Dit omvat mogelijk het vaststellen van concrete doelen, het ontwikkelen van beleid om circulair bouwen te bevorderen, het faciliteren van samenwerking tussen stakeholders, en het stimuleren van innovatie in de bouwsector.",2024-06-27T22:58:23.023Z,5,6
